ID,ALERT_TYPE,TARGET_ID,DESCRIPTION,THRESHOLD,NEED_SEND_ALERT,CREATE_BY,CREATE_TIME,UPDATE_BY,UPDATE_TIME,DEL_FLAG
87e7c301bfde46458b01e9afe8810f64,at,685d08b1214e4b869a2362fec477f05b,des1,1,Y,1,2016-10-26 19:05:24,1,2016-10-26 19:05:24,N
ea14c33210f94d99b5e6f0505a06483a,at,685d08b1214e4b869a2362fec477f05b,des2,2,Y,2,2016-10-26 19:05:24,2,2016-10-26 19:05:24,N
490a0e2aea9144e1ba0a6de3c1321310,at,211283a3a1c34ad6a32776be6f229f91,des3,3,Y,3,2016-10-26 19:05:24,3,2016-10-26 19:05:24,N
88eec3a5faf044c0874b9053d540f7f1,at,a9a6f3229a1d48c897b5fcce4a02c7b8,des4,4,Y,4,2016-10-26 19:05:24,4,2016-10-26 19:05:24,N
63368c052c4140279fa2457d8fdd0b1a,at,83b2b393360a4a43b082a1f87494779e,des5,5,Y,5,2016-10-26 19:05:24,5,2016-10-26 19:05:24,N
a094c7c9544945d59eea70c5d9c29ccb,at,83b2b393360a4a43b082a1f87494779e,des6,6,Y,6,2016-10-26 19:05:24,6,2016-10-26 19:05:24,N
699c396bfc8747c2a7461974ee8f8d51,at,a9a6f3229a1d48c897b5fcce4a02c7b8,des7,7,Y,7,2016-10-26 19:05:24,7,2016-10-26 19:05:24,N
dec113ac1ce84c3891053f07d200dc76,at,800398d961d14600b87dde5f05d2f7f6,des8,8,Y,8,2016-10-26 19:05:24,8,2016-10-26 19:05:24,N
69ee4d86a34f47d3be971ee93d91c1b5,at,685d08b1214e4b869a2362fec477f05b,des9,9,Y,9,2016-10-26 19:05:24,9,2016-10-26 19:05:24,N
7070d55293c1443ca5f1e923e3c418b9,at,83b2b393360a4a43b082a1f87494779e,des10,10,Y,10,2016-10-26 19:05:24,10,2016-10-26 19:05:24,N
18cb2d9d161c4692af6751e52368127a,at,800398d961d14600b87dde5f05d2f7f6,des11,11,Y,11,2016-10-26 19:05:24,11,2016-10-26 19:05:24,N
657a5aadb0c948258b110f218618f99d,at,83b2b393360a4a43b082a1f87494779e,des12,12,Y,12,2016-10-26 19:05:24,12,2016-10-26 19:05:24,N
8acbb304c728479baf2c9ebcf6ff53c6,at,685d08b1214e4b869a2362fec477f05b,des13,13,Y,13,2016-10-26 19:05:24,13,2016-10-26 19:05:24,N
dff734f0573846f3b803866a4b54b1d9,at,a9a6f3229a1d48c897b5fcce4a02c7b8,des14,14,Y,14,2016-10-26 19:05:24,14,2016-10-26 19:05:24,N
293708403bad468090af5cdb148e370a,at,800398d961d14600b87dde5f05d2f7f6,des15,15,Y,15,2016-10-26 19:05:24,15,2016-10-26 19:05:24,N
8d719648cd86419e84b76b07f90155af,at,83b2b393360a4a43b082a1f87494779e,des16,16,Y,16,2016-10-26 19:05:24,16,2016-10-26 19:05:24,N
94e0a966da624a26ba025b264f4143ac,at,a9a6f3229a1d48c897b5fcce4a02c7b8,des17,17,Y,17,2016-10-26 19:05:24,17,2016-10-26 19:05:24,N
2696b262c7db469baf066707236551a5,at,685d08b1214e4b869a2362fec477f05b,des18,18,Y,18,2016-10-26 19:05:24,18,2016-10-26 19:05:24,N
637c8a67e1a442e881e6af49244985f6,at,685d08b1214e4b869a2362fec477f05b,des19,19,Y,19,2016-10-26 19:05:24,19,2016-10-26 19:05:24,N
de0ee6cc8109440d9d2dcc348098be25,at,211283a3a1c34ad6a32776be6f229f91,des20,20,Y,20,2016-10-26 19:05:24,20,2016-10-26 19:05:24,N
1d9d01f30bf048cd979ddcd16f22feec,at,83b2b393360a4a43b082a1f87494779e,des21,21,Y,21,2016-10-26 19:05:24,21,2016-10-26 19:05:24,N
27c666e4f2834c169669a63727717424,at,685d08b1214e4b869a2362fec477f05b,des22,22,Y,22,2016-10-26 19:05:24,22,2016-10-26 19:05:24,N
bccd6a7de2d347f09535c56c62c4f3bd,at,685d08b1214e4b869a2362fec477f05b,des23,23,Y,23,2016-10-26 19:05:24,23,2016-10-26 19:05:24,N
56fcae4c3b1e439e8e204df974b6151d,at,685d08b1214e4b869a2362fec477f05b,des24,24,Y,24,2016-10-26 19:05:24,24,2016-10-26 19:05:24,N
cb72b99532d440cf90303a3669e4132d,at,685d08b1214e4b869a2362fec477f05b,des25,25,Y,25,2016-10-26 19:05:24,25,2016-10-26 19:05:24,N
a9f362481f084f408a08d2ba2cafb4a4,at,a9a6f3229a1d48c897b5fcce4a02c7b8,des26,26,Y,26,2016-10-26 19:05:24,26,2016-10-26 19:05:24,N
0fc021941324487f8167fdb48fea0d6e,at,685d08b1214e4b869a2362fec477f05b,des27,27,Y,27,2016-10-26 19:05:24,27,2016-10-26 19:05:24,N
01032e558ea649f089c1f3d4c5d0a32e,at,800398d961d14600b87dde5f05d2f7f6,des28,28,Y,28,2016-10-26 19:05:24,28,2016-10-26 19:05:24,N
36f2757be03c44288e341b8832107fef,at,83b2b393360a4a43b082a1f87494779e,des29,29,Y,29,2016-10-26 19:05:24,29,2016-10-26 19:05:24,N
fb2a0c520ccb4e16bb258d2baac6fcdc,at,83b2b393360a4a43b082a1f87494779e,des30,30,Y,30,2016-10-26 19:05:24,30,2016-10-26 19:05:24,N
81e938bb706f4b668714f737b6e015e9,at,685d08b1214e4b869a2362fec477f05b,des31,31,Y,31,2016-10-26 19:05:24,31,2016-10-26 19:05:24,N
fc322302812548cf88d635eeba30d711,at,83b2b393360a4a43b082a1f87494779e,des32,32,Y,32,2016-10-26 19:05:24,32,2016-10-26 19:05:24,N
5a0d04f32fd84a69b01a070e752f00ba,at,685d08b1214e4b869a2362fec477f05b,des33,33,Y,33,2016-10-26 19:05:24,33,2016-10-26 19:05:24,N
7e5ad49f566b4703a80aa2862158c78a,at,685d08b1214e4b869a2362fec477f05b,des34,34,Y,34,2016-10-26 19:05:24,34,2016-10-26 19:05:24,N
0e16f99e5ee847d7bf2ddbc2109c598a,at,a9a6f3229a1d48c897b5fcce4a02c7b8,des35,35,Y,35,2016-10-26 19:05:24,35,2016-10-26 19:05:24,N
8068790aace844b7b23cdf75f5685647,at,685d08b1214e4b869a2362fec477f05b,des36,36,Y,36,2016-10-26 19:05:24,36,2016-10-26 19:05:24,N
9791ffffd9d1454392133ad3a8b2ba18,at,a9a6f3229a1d48c897b5fcce4a02c7b8,des37,37,Y,37,2016-10-26 19:05:24,37,2016-10-26 19:05:24,N
9de0a880f19945ee97c509fbf2862c3a,at,211283a3a1c34ad6a32776be6f229f91,des38,38,Y,38,2016-10-26 19:05:24,38,2016-10-26 19:05:24,N
93b5c90c8ba6429f94938bbf8f825214,at,800398d961d14600b87dde5f05d2f7f6,des39,39,Y,39,2016-10-26 19:05:24,39,2016-10-26 19:05:24,N
66e73a1f4a404bdb8bd7824b1fad08e7,at,800398d961d14600b87dde5f05d2f7f6,des40,40,Y,40,2016-10-26 19:05:24,40,2016-10-26 19:05:24,N
577401cfb3494da6a2ba4068f8d949e0,at,a9a6f3229a1d48c897b5fcce4a02c7b8,des41,41,Y,41,2016-10-26 19:05:24,41,2016-10-26 19:05:24,N
2ad03337eb14439da4818a1fb68ba9cc,at,a9a6f3229a1d48c897b5fcce4a02c7b8,des42,42,Y,42,2016-10-26 19:05:24,42,2016-10-26 19:05:24,N
32e420c1255d470a9765e7fc967f8cad,at,211283a3a1c34ad6a32776be6f229f91,des43,43,Y,43,2016-10-26 19:05:24,43,2016-10-26 19:05:24,N
1cc277e1f7eb43b886ad6d8443abc467,at,a9a6f3229a1d48c897b5fcce4a02c7b8,des44,44,Y,44,2016-10-26 19:05:24,44,2016-10-26 19:05:24,N
e8ddb11a64e84d50a6dab54fa6cfc91b,at,83b2b393360a4a43b082a1f87494779e,des45,45,Y,45,2016-10-26 19:05:24,45,2016-10-26 19:05:24,N
04439f3442504ae0ab3704e7764af1df,at,800398d961d14600b87dde5f05d2f7f6,des46,46,Y,46,2016-10-26 19:05:24,46,2016-10-26 19:05:24,N
841ef8f033534ce497494d919dc318bf,at,211283a3a1c34ad6a32776be6f229f91,des47,47,Y,47,2016-10-26 19:05:24,47,2016-10-26 19:05:24,N
809691ab28d2446aa2c01d3d38cf5b4d,at,211283a3a1c34ad6a32776be6f229f91,des48,48,Y,48,2016-10-26 19:05:24,48,2016-10-26 19:05:24,N
274b0c30c41a44b09aa419a8d37ac81e,at,685d08b1214e4b869a2362fec477f05b,des49,49,Y,49,2016-10-26 19:05:24,49,2016-10-26 19:05:24,N
bdec1cd4b2fb494e84de9f002e7f93ca,at,800398d961d14600b87dde5f05d2f7f6,des50,50,Y,50,2016-10-26 19:05:24,50,2016-10-26 19:05:24,N
31b4213922424ddfacf4c384bf736e16,at,685d08b1214e4b869a2362fec477f05b,des51,51,Y,51,2016-10-26 19:05:24,51,2016-10-26 19:05:24,N
0a1f80e6bf694d6cb86bb9146b25d657,at,800398d961d14600b87dde5f05d2f7f6,des52,52,Y,52,2016-10-26 19:05:24,52,2016-10-26 19:05:24,N
cdcfd851bf6649acb81120dab137f1af,at,211283a3a1c34ad6a32776be6f229f91,des53,53,Y,53,2016-10-26 19:05:24,53,2016-10-26 19:05:24,N
7bb2a9af349a4fdb916f22ea707844ed,at,800398d961d14600b87dde5f05d2f7f6,des54,54,Y,54,2016-10-26 19:05:24,54,2016-10-26 19:05:24,N
474e970ec52944099ee5fc815b637480,at,83b2b393360a4a43b082a1f87494779e,des55,55,Y,55,2016-10-26 19:05:24,55,2016-10-26 19:05:24,N
f000d1aba07541fab04c06d3ca5cd67b,at,a9a6f3229a1d48c897b5fcce4a02c7b8,des56,56,Y,56,2016-10-26 19:05:24,56,2016-10-26 19:05:24,N
6c03abb6aed74ffba7f77fc8cb7bf1ec,at,800398d961d14600b87dde5f05d2f7f6,des57,57,Y,57,2016-10-26 19:05:24,57,2016-10-26 19:05:24,N
90a6a60103174e88a44976ece0b41798,at,685d08b1214e4b869a2362fec477f05b,des58,58,Y,58,2016-10-26 19:05:24,58,2016-10-26 19:05:24,N
d77459452dc245d8ad439eab26477793,at,211283a3a1c34ad6a32776be6f229f91,des59,59,Y,59,2016-10-26 19:05:24,59,2016-10-26 19:05:24,N
ce270068593a49ed98b510284455a5f1,at,a9a6f3229a1d48c897b5fcce4a02c7b8,des60,60,Y,60,2016-10-26 19:05:24,60,2016-10-26 19:05:24,N
8ece5f6dab6f44dfa6eed4aa726b6367,at,800398d961d14600b87dde5f05d2f7f6,des61,61,Y,61,2016-10-26 19:05:24,61,2016-10-26 19:05:24,N
b698d49f2ea040178909740fc4bac0ef,at,211283a3a1c34ad6a32776be6f229f91,des62,62,Y,62,2016-10-26 19:05:24,62,2016-10-26 19:05:24,N
3d7495621a2748d6a1bbf0baa193387f,at,a9a6f3229a1d48c897b5fcce4a02c7b8,des63,63,Y,63,2016-10-26 19:05:24,63,2016-10-26 19:05:24,N
a408075076a744e68587ee73a3762e9d,at,211283a3a1c34ad6a32776be6f229f91,des64,64,Y,64,2016-10-26 19:05:24,64,2016-10-26 19:05:24,N
29313dbf63514d889882305fce6d4f03,at,83b2b393360a4a43b082a1f87494779e,des65,65,Y,65,2016-10-26 19:05:24,65,2016-10-26 19:05:24,N
4691a9e7a4854ebf8757fd2c20a5970a,at,211283a3a1c34ad6a32776be6f229f91,des66,66,Y,66,2016-10-26 19:05:24,66,2016-10-26 19:05:24,N
b4e9ac5095a54aafb87e5cabd6ce1f7d,at,a9a6f3229a1d48c897b5fcce4a02c7b8,des67,67,Y,67,2016-10-26 19:05:24,67,2016-10-26 19:05:24,N
caf7f3e68fb741c8a6ecb4eaa58eec84,at,83b2b393360a4a43b082a1f87494779e,des68,68,Y,68,2016-10-26 19:05:24,68,2016-10-26 19:05:24,N
9ff6905d7a61407b9c9f3ce80227b583,at,211283a3a1c34ad6a32776be6f229f91,des69,69,Y,69,2016-10-26 19:05:24,69,2016-10-26 19:05:24,N
0ec5d52dc3ef47e0a047d074d84076b2,at,800398d961d14600b87dde5f05d2f7f6,des70,70,Y,70,2016-10-26 19:05:24,70,2016-10-26 19:05:24,N
d2b1979ef9c548429e6533685f804e95,at,a9a6f3229a1d48c897b5fcce4a02c7b8,des71,71,Y,71,2016-10-26 19:05:24,71,2016-10-26 19:05:24,N
a8110548b8964c1180441a4ebdd3506b,at,83b2b393360a4a43b082a1f87494779e,des72,72,Y,72,2016-10-26 19:05:24,72,2016-10-26 19:05:24,N
da0122fd9ce246268a9419116e8f16c0,at,685d08b1214e4b869a2362fec477f05b,des73,73,Y,73,2016-10-26 19:05:24,73,2016-10-26 19:05:24,N
36e697f2f1e24f82a46ab05ce783c870,at,a9a6f3229a1d48c897b5fcce4a02c7b8,des74,74,Y,74,2016-10-26 19:05:24,74,2016-10-26 19:05:24,N
6478d7d8c38244bf9e7a313b7c14304b,at,685d08b1214e4b869a2362fec477f05b,des75,75,Y,75,2016-10-26 19:05:24,75,2016-10-26 19:05:24,N
8455b7d8caa44379a9b108237c1dfa44,at,685d08b1214e4b869a2362fec477f05b,des76,76,Y,76,2016-10-26 19:05:24,76,2016-10-26 19:05:24,N
099b9be3dd0c495cb59ea00283616670,at,685d08b1214e4b869a2362fec477f05b,des77,77,Y,77,2016-10-26 19:05:24,77,2016-10-26 19:05:24,N
0b45e866412e46029029f7f513c18f70,at,211283a3a1c34ad6a32776be6f229f91,des78,78,Y,78,2016-10-26 19:05:24,78,2016-10-26 19:05:24,N
60efe713d7a24c7785caf274f021733b,at,83b2b393360a4a43b082a1f87494779e,des79,79,Y,79,2016-10-26 19:05:24,79,2016-10-26 19:05:24,N
d07fdea6c4004c3f8b9a4715aa7b74ed,at,211283a3a1c34ad6a32776be6f229f91,des80,80,Y,80,2016-10-26 19:05:24,80,2016-10-26 19:05:24,N
c2acf9ec32574130b646814539d6ade2,at,211283a3a1c34ad6a32776be6f229f91,des81,81,Y,81,2016-10-26 19:05:24,81,2016-10-26 19:05:24,N
2f6f4a72031845bc9ffe22d09efdf83f,at,211283a3a1c34ad6a32776be6f229f91,des82,82,Y,82,2016-10-26 19:05:24,82,2016-10-26 19:05:24,N
a34633ea7cc743c48875b619f5664ca3,at,685d08b1214e4b869a2362fec477f05b,des83,83,Y,83,2016-10-26 19:05:24,83,2016-10-26 19:05:24,N
566fbe47567a41d4a473e00061238d8f,at,83b2b393360a4a43b082a1f87494779e,des84,84,Y,84,2016-10-26 19:05:24,84,2016-10-26 19:05:24,N
9f86ed0e93814109bd81a673995d7d1f,at,800398d961d14600b87dde5f05d2f7f6,des85,85,Y,85,2016-10-26 19:05:24,85,2016-10-26 19:05:24,N
0de90b72280448e2af9c972763c7acee,at,800398d961d14600b87dde5f05d2f7f6,des86,86,Y,86,2016-10-26 19:05:24,86,2016-10-26 19:05:24,N
56afc87c5ca543779d9a6c482c0384bc,at,a9a6f3229a1d48c897b5fcce4a02c7b8,des87,87,Y,87,2016-10-26 19:05:24,87,2016-10-26 19:05:24,N
55db5cc3e2d34e01ba9fdbccd7bf141b,at,a9a6f3229a1d48c897b5fcce4a02c7b8,des88,88,Y,88,2016-10-26 19:05:24,88,2016-10-26 19:05:24,N
fc04f2116d12462cbc508c207a233370,at,800398d961d14600b87dde5f05d2f7f6,des89,89,Y,89,2016-10-26 19:05:24,89,2016-10-26 19:05:24,N
7148cfdbf79649f28d47577a41094ad3,at,685d08b1214e4b869a2362fec477f05b,des90,90,Y,90,2016-10-26 19:05:24,90,2016-10-26 19:05:24,N
02cbc58c79064bf0b289c6083c048cd6,at,83b2b393360a4a43b082a1f87494779e,des91,91,Y,91,2016-10-26 19:05:24,91,2016-10-26 19:05:24,N
c02623a27a20496da7cd15a1c7a8856f,at,83b2b393360a4a43b082a1f87494779e,des92,92,Y,92,2016-10-26 19:05:24,92,2016-10-26 19:05:24,N
f4bed2eb191a4d289359eaac27c9ad9d,at,a9a6f3229a1d48c897b5fcce4a02c7b8,des93,93,Y,93,2016-10-26 19:05:24,93,2016-10-26 19:05:24,N
c1817dac9bc2417fa258e75e3bfd2db0,at,83b2b393360a4a43b082a1f87494779e,des94,94,Y,94,2016-10-26 19:05:24,94,2016-10-26 19:05:24,N
4c12842507b34ba9a9e8013cf7a74cf4,at,83b2b393360a4a43b082a1f87494779e,des95,95,Y,95,2016-10-26 19:05:24,95,2016-10-26 19:05:24,N
c3829d84402940058284260a5112c756,at,800398d961d14600b87dde5f05d2f7f6,des96,96,Y,96,2016-10-26 19:05:24,96,2016-10-26 19:05:24,N
bc683393e4bb444081452de229ba02d3,at,211283a3a1c34ad6a32776be6f229f91,des97,97,Y,97,2016-10-26 19:05:24,97,2016-10-26 19:05:24,N
db6508db380d422283953ba83fbeb889,at,211283a3a1c34ad6a32776be6f229f91,des98,98,Y,98,2016-10-26 19:05:24,98,2016-10-26 19:05:24,N
7413f5a9d0784c0893284243cd9e77fe,at,685d08b1214e4b869a2362fec477f05b,des99,99,Y,99,2016-10-26 19:05:24,99,2016-10-26 19:05:24,N
92477649b2b4427497728b6d556e851b,at,a9a6f3229a1d48c897b5fcce4a02c7b8,des100,100,Y,100,2016-10-26 19:05:24,100,2016-10-26 19:05:24,N
